{
  "best_metric": null,
  "best_model_checkpoint": null,
  "epoch": 3.0,
  "eval_steps": 500,
  "global_step": 39,
  "is_hyper_param_search": false,
  "is_local_process_zero": true,
  "is_world_process_zero": true,
  "log_history": [
    {
      "epoch": 1.0,
      "eval_bp": 1.0,
      "eval_counts": [
        2529,
        1880,
        1434,
        1099
      ],
      "eval_loss": 1.14275324344635,
      "eval_precisions": [
        72.60981912144703,
        55.57197753473248,
        43.67956137678952,
        34.52717562048382
      ],
      "eval_ref_len": 3404,
      "eval_runtime": 3.0636,
      "eval_samples_per_second": 32.642,
      "eval_score": 49.667537939016015,
      "eval_steps_per_second": 4.243,
      "eval_sys_len": 3483,
      "eval_totals": [
        3483,
        3383,
        3283,
        3183
      ],
      "step": 13
    },
    {
      "epoch": 2.0,
      "eval_bp": 1.0,
      "eval_counts": [
        2532,
        1882,
        1436,
        1100
      ],
      "eval_loss": 1.1405586004257202,
      "eval_precisions": [
        72.71682940838599,
        55.647545830869305,
        43.75380865326021,
        34.56945317410434
      ],
      "eval_ref_len": 3404,
      "eval_runtime": 2.2625,
      "eval_samples_per_second": 44.199,
      "eval_score": 49.739032217251825,
      "eval_steps_per_second": 5.746,
      "eval_sys_len": 3482,
      "eval_totals": [
        3482,
        3382,
        3282,
        3182
      ],
      "step": 26
    }
  ],
  "logging_steps": 500,
  "max_steps": 39,
  "num_input_tokens_seen": 0,
  "num_train_epochs": 3,
  "save_steps": 500,
  "stateful_callbacks": {
    "TrainerControl": {
      "args": {
        "should_epoch_stop": false,
        "should_evaluate": false,
        "should_log": false,
        "should_save": true,
        "should_training_stop": true
      },
      "attributes": {}
    }
  },
  "total_flos": 4159733760000.0,
  "train_batch_size": 8,
  "trial_name": null,
  "trial_params": null
}
