{
  "best_metric": null,
  "best_model_checkpoint": null,
  "epoch": 3.0,
  "eval_steps": 500,
  "global_step": 3,
  "is_hyper_param_search": false,
  "is_local_process_zero": true,
  "is_world_process_zero": true,
  "log_history": [
    {
      "epoch": 1.0,
      "eval_bleu": 0.2617086609400336,
      "eval_brevity_penalty": 0.9799901425824474,
      "eval_length_ratio": 0.9801876955161627,
      "eval_loss": 4.545193672180176,
      "eval_precisions": [
        0.5404255319148936,
        0.2965333333333333,
        0.20481283422459892,
        0.1549597855227882
      ],
      "eval_reference_length": 1918,
      "eval_runtime": 1.6725,
      "eval_samples_per_second": 2.99,
      "eval_steps_per_second": 0.598,
      "eval_translation_length": 1880,
      "step": 1
    },
    {
      "epoch": 2.0,
      "eval_bleu": 0.2622457781063986,
      "eval_brevity_penalty": 0.9947726204030123,
      "eval_length_ratio": 0.9947862356621481,
      "eval_loss": 4.481062889099121,
      "eval_precisions": [
        0.5356394129979035,
        0.2926957435627956,
        0.2017913593256059,
        0.1526677231907026
      ],
      "eval_reference_length": 1918,
      "eval_runtime": 1.4661,
      "eval_samples_per_second": 3.411,
      "eval_steps_per_second": 0.682,
      "eval_translation_length": 1908,
      "step": 2
    }
  ],
  "logging_steps": 500,
  "max_steps": 3,
  "num_input_tokens_seen": 0,
  "num_train_epochs": 3,
  "save_steps": 500,
  "stateful_callbacks": {
    "TrainerControl": {
      "args": {
        "should_epoch_stop": false,
        "should_evaluate": false,
        "should_log": false,
        "should_save": true,
        "should_training_stop": true
      },
      "attributes": {}
    }
  },
  "total_flos": 2133558558720.0,
  "train_batch_size": 8,
  "trial_name": null,
  "trial_params": null
}
